,player,team,mean_progressive_action_score,num_events
78,Thomas Meunier,Borussia Dortmund,0.6666666666666666,3
2,Alex Oxlade-Chamberlain,Arsenal,0.5270588235294117,17
5,Antonios Papadopoulos,Borussia Dortmund,0.492,10
37,Jordon Ibe,Liverpool,0.42714285714285716,7
70,Raphaël Varane,Real Madrid,0.40491525423728814,59
49,Mamadou Sakho,Liverpool,0.3918006430868167,1244
77,Sergio Ramos García,Real Madrid,0.39172413793103444,58
14,Daley Blind,Manchester United,0.3894582392776524,2215
19,Eric Dier,Bayern Munich,0.3843697478991597,119
56,Michael Carrick,Manchester United,0.3786206896551724,29
45,Lucas Pezzini Leiva,Liverpool,0.37714285714285717,217
67,Per Mertesacker,Arsenal,0.3395234248788368,1238
44,Laurent Koscielny,Arsenal,0.3376540993417116,1671
4,Antoine Griezmann,Barcelona,0.3333333333333333,6
52,Martin Škrtel,Liverpool,0.3318411867364747,1146
0,Adnan Januzaj,Manchester United,0.32666666666666666,3
12,Clément Lenglet,Barcelona,0.31817155756207677,2215
16,Dejan Lovren,Liverpool,0.31358736059479553,1076
58,Min Jae Kim,Bayern Munich,0.31286516853932583,178
46,Lucas Vázquez Iglesias,Real Madrid,0.31277777777777777,54
18,Emre Can,Liverpool,0.30517241379310345,203
61,Nico Schlotterbeck,Borussia Dortmund,0.3036521739130435,115
68,Phil Jones,Manchester United,0.3013707165109034,321
57,Mikel Arteta Amatriain,Arsenal,0.29900000000000004,10
8,Calum Chambers,Arsenal,0.29659340659340655,91
65,Paddy McNair,Manchester United,0.29419354838709677,217
24,Gabriel Armando de Abreu,Arsenal,0.29120111731843573,1074
71,Ricard Puig Martí,Barcelona,0.2796875,32
53,Mathieu Debuchy,Arsenal,0.27683168316831686,101
54,Mats Hummels,Borussia Dortmund,0.26913461538461536,104
81,Éder Gabriel Militão,Real Madrid,0.2686363636363636,22
42,Kolo Habib Touré,Liverpool,0.25917225950782996,447
74,Samuel Yves Umtiti,Barcelona,0.25806236080178174,449
50,Marius Wolf,Borussia Dortmund,0.25682926829268293,82
34,Joe Gomez,Liverpool,0.25238095238095243,273
9,Cameron Borthwick-Jackson,Manchester United,0.24956611570247936,484
38,José Ignacio Fernández Iglesias,Real Madrid,0.2469811320754717,53
20,Faustino Marcos Alberto Rojo,Manchester United,0.24574279379157427,902
25,Gerard Piqué Bernabéu,Barcelona,0.24004009623095426,1247
30,Ignacio Monreal Eraso,Arsenal,0.2393005754758743,2259
1,Alberto Moreno Pérez,Liverpool,0.235213133640553,1736
15,Dayotchanculle Upamecano,Bayern Munich,0.23267123287671232,146
60,Nathaniel Edwin Clyne,Liverpool,0.23021101389603707,1943
48,Luke Shaw,Manchester United,0.23014245014245013,351
43,Konrad Laimer,Bayern Munich,0.22897435897435897,39
10,Chris Smalling,Manchester United,0.22705650459921156,1522
82,Óscar Mingueza García,Barcelona,0.22227148703956345,1466
41,Kieran Gibbs,Arsenal,0.21758064516129033,124
23,Frenkie de Jong,Barcelona,0.21491856677524432,614
3,Alphonso Davies,Bayern Munich,0.20919354838709678,62
26,Guillermo Varela Olivera,Manchester United,0.20756345177664975,197
55,Matteo Darmian,Manchester United,0.2061019878997407,1157
72,Ronald Federico Araújo da Silva,Barcelona,0.2049290322580645,775
79,Timothy Evans Fosu-Mensah,Manchester United,0.20415492957746478,142
31,James Philip Milner,Liverpool,0.20079999999999998,25
21,Ferland Mendy,Real Madrid,0.1991358024691358,81
17,Donald Love,Manchester United,0.19885714285714284,35
35,Jon Flanagan,Liverpool,0.19115511551155115,303
27,Héctor Bellerín Moruno,Arsenal,0.18925978987583572,2094
75,Sergi Roberto Carnicer,Barcelona,0.18789156626506023,830
80,Álvaro Odriozola Arzallus,Real Madrid,0.18333333333333335,21
47,Luis Antonio Valencia Mosquera,Manchester United,0.17909732016925248,709
6,Ashley Young,Manchester United,0.17483870967741935,651
36,Jordi Alba Ramos,Barcelona,0.17284902309058614,2815
28,Héctor Junior Firpo Adames,Barcelona,0.1715447154471545,123
39,Julian Ryerson,Borussia Dortmund,0.171,70
7,Bradley Shaun Smith,Liverpool,0.17005882352941176,170
13,Connor Steven Randall,Liverpool,0.16384615384615384,104
62,Noussair Mazraoui,Bayern Munich,0.15075,80
29,Ian Maatsen,Borussia Dortmund,0.15074074074074073,27
73,Sacha Boey,Bayern Munich,0.14581818181818182,55
76,Sergino Dest,Barcelona,0.13585466556564824,1211
32,Jesse Lingard,Manchester United,0.12903225806451613,62
69,Raphaël Adelino José Guerreiro,Bayern Munich,0.12666666666666668,9
22,Francisco António Machado Mota de Castro Trincão,Barcelona,0.10050847457627118,59
64,Ousmane Dembélé,Barcelona,0.07929824561403508,114
40,Kevin Linford Stewart,Liverpool,0.07692307692307693,13
63,Oluwaseyi Babajide Ojo,Liverpool,0.01,4
33,Joe Allen,Liverpool,0.01,1
51,Martin Braithwaite Christensen,Barcelona,0.005,2
59,Moriba Kourouma Kourouma,Barcelona,0.0007692307692307692,13
11,Christian Benteke Liolo,Liverpool,0.0,1
66,Pedro González López,Barcelona,0.0,2
